NHR,Fo(Hz),Jitter:DDP,Flo(Hz),Fhi(Hz),Jitter:RAP,Shimmer:APQ11,Jitter(%),Shimmer:APQ5,Jitter:PPQ
0.3171940498757414,122.07856844900829,,108.63942910632566,133.11810687489788,,,,,
