age,sex,test_time,Jitter(Abs),HNR,NHR,Shimmer:APQ5,RPDE,DFA,PPE
20,1,10.0,,3.329722650441319,0.3171940498757414,,3.3290623344637758,0.05086091746230139,
