age,sex,test_time,Jitter(Abs),HNR,NHR,Shimmer:APQ5,RPDE,DFA,PPE
70,1,10.0,,10.882171937757024,0.07545866843708583,,3.347392008157518,0.03943050534157131,
